"","key","value"
"1","Texas Z",0.877220189570122
"2","Pascagoula Z",-0.725044591697746
